id,title,release_date,genres,vote_average,overview
875828,Peaky Blinders: El hombre inmortal,2026-03-05,"Crimen, Drama",7.46,"El gánster Tommy Shelby regresa a Birmingham para salvar a su familia —y a su país— cuando su hijo, del que se ha distanciado, se ve envuelto en un complot nazi."
1311031,Guardianes de la noche: Kimetsu no Yaiba La fortaleza infinita,2025-07-18,"Animación, Acción, Fantasía",7.7,El Cuerpo de Cazadores de Demonios se enfrenta a los Doce Kizuki restantes antes de enfrentarse a Muzan en el Castillo del Infinito para derrotarlo de una vez por todas.
1205225,Las Puertas del Infierno,2025-04-08,"Terror, Suspense, Acción",5.892,"Un grupo de amigos intenta escapar de la ciudad después de un brote de posesiones demoníacas. Los amigos buscan refugio en una iglesia abandonada, pero sus planes de escape se arruinan cuando uno de ellos se vuelve poseído."
299536,Vengadores: Infinity War,2018-04-25,"Aventura, Acción, Ciencia ficción",8.234,"El todopoderoso Thanos ha despertado con la promesa de arrasar con todo a su paso, portando el Guantelete del Infinito, que le confiere un poder incalculable. Los únicos capaces de pararle los pies son los Vengadores y el resto de superhéroes de la galaxia, que deberán estar dispuestos a sacrificarlo todo por un bien mayor. Capitán América e Ironman deberán limar sus diferencias, Black Panther apoyará con sus tropas desde Wakanda, Thor y los Guardianes de la Galaxia e incluso Spider-Man se unirán antes de que los planes de devastación y ruina pongan fin al universo. ¿Serán capaces de frenar el avance del titán del caos?"
1424965,Infierno bajo cero,2026-02-24,"Drama, Suspense",5.192,
575265,Misión: Imposible - Sentencia final,2025-05-17,"Acción, Suspense, Aventura",7.174,"El agente Ethan Hunt continúa su misión de impedir que Gabriel controle el tecnológicamente omnipotente programa de IA conocido como ""the Entity""."
240,El Padrino Parte II,1974-12-20,"Drama, Crimen",8.572,"Continuación de la saga de los Corleone con dos historias paralelas: la elección de Michael Corleone como jefe de los negocios familiares y los orígenes del patriarca, el ya fallecido Don Vito, primero en Sicilia y luego en Estados Unidos, donde, empezando desde abajo, llegó a ser un poderosísimo jefe de la mafia de Nueva York."
11427,Dead End: Atajo al infierno,2003-12-12,"Misterio, Terror, Suspense",6.365,"De camino para visitar a sus familiares y poder pasar el día de Nochebuena junto a ellos, Frank Harrington lleva a su familia por un atajo a través de un bosque, pero lo que en un principio iba a ser una buena idea acaba convirtiéndose en el mayor error de su vida. Aterrorizados, los Harrington tendrán un objetivo, abandonar cuanto antes la carretera por la que optaron en un principio."
1022789,Del revés 2 (Inside Out 2),2024-06-11,"Animación, Aventura, Comedia, Familia",7.548,"Riley entra en la adolescencia y el Cuartel General de su cabeza sufre una repentina reforma para hacerle hueco a algo totalmente inesperado propio de la pubertad: ¡nuevas emociones! Alegría, Tristeza, Ira, Miedo y Asco, con años de impecable gestión a sus espaldas (según ellos...) no saben muy bien qué sentir cuando aparece con enorme ímpetu Ansiedad. Y no viene sola: le acompañan envidia, vergüenza y aburrimiento."
1032892,En un instante,2026-01-26,"Ciencia ficción, Drama",5.2,"Tres historias interconectadas reflexionan sobre la esperanza, las relaciones humanas y el ciclo de la vida a lo largo de miles de años."
845394,I,2021-07-16,"Drama, Acción, Suspense",2.0,
1594,El nuevo caso del inspector Clouseau,1964-06-23,"Comedia, Misterio, Crimen",7.176,"Nuevas aventuras del inspector francés Jacques Clouseau, inepto detective que en esta ocasión intentará resolver un caso en el que una doncella es acusada de asesinar a su amante."
1317149,Incontrolable (I Swear),2025-09-22,Drama,8.369,"La historia real de John Davidson. Diagnosticado con Tourette a los 15 años, señalado como loco por sus compañeros, luchó con una condición que pocos habían presenciado. Ya adulto, hizo campaña en favor del síndrome de Tourette ."
1119878,Ice Road: Venganza,2025-06-27,"Acción, Suspense, Drama",6.244,"El camionero del hielo Mike McCann, cumpliendo el último deseo de su hermano, viaja a Nepal para esparcir sus cenizas en el monte Everest. En un autobús turístico que atraviesa el territorio de la tristemente célebre Ruta al Cielo, Mike y su guía se topan con un grupo de mercenarios y deberán luchar para salvar sus vidas."
150540,Del revés (Inside Out),2015-06-17,"Animación, Familia, Aventura, Drama, Comedia",7.9,"Riley es una chica que disfruta o padece toda clase de sentimientos. Aunque su vida ha estado marcada por la Alegría, también se ve afectada por otro tipo de emociones. Lo que Riley no entiende muy bien es por qué motivo tiene que existir la Tristeza en su vida. Una serie de acontecimientos hacen que Alegría y Tristeza se mezclen en una peligrosa aventura que dará un vuelco al mundo de Riley."
425,Ice Age: La edad de hielo,2002-03-14,"Animación, Comedia, Familia, Aventura",7.369,"Hace muchos, muchos años, tantos como 20.000, una pequeña ardirata de nombre Scrat quería esconder una bellota en el hielo. Pero lo que hace es provocar una semicatástrofe que provoca que todos los animales migren hacia el sur, hacia tierras más cálidas. Bueno, lo que se dice todos, todos, no. Porque hay uno que lleva la contraria: se trata del mamut Manfred, un auténtico lobo solitario vagabundo y soberbio que va hacia el norte sólo porque los demás están yendo hacia el sur."
1209288,Liga de la Justicia: Crisis en Tierras Infinitas - Parte 2,2024-04-22,"Animación, Ciencia ficción, Acción",6.706,El Antimonitor (la contrapartida malvada del Monitor) se desata en el Multiverso DC y comienza a destruir las diferentes Tierras que lo componen. El Monitor intenta reclutar a héroes de todo el Multiverso para contraatacar.
346364,It (Eso),2017-09-06,"Terror, Suspense, Drama",7.239,"Remake del clásico de Stephen King en el que un payaso aterroriza a los niños de un vecindario. En un pequeño pueblo de Maine, siete niños conocidos como el Club de los Perdedores se encuentran cara a cara con problemas de la vida, matones y un monstruo que toma la forma de un payaso llamado Pennywise."
1155089,Liga de la Justicia: Crisis en Tierras Infinitas - Parte 1,2024-01-08,"Animación, Ciencia ficción, Acción",7.274,"El Antimonitor (la contrapartida malvada del Monitor) es liberado en el Multiverso DC y comienza a destruir las diferentes Tierras que lo componen. El Monitor intenta reclutar héroes de todo el Multiverso, pero es asesinado. Adaptación animada de La Liga de la Justicia: Crisis en Tierras Infinitas."
11324,Shutter Island,2010-02-14,"Drama, Suspense, Misterio",8.2,"Verano de 1954. Los agentes judiciales Teddy Daniels y Chuck Aule son destinados a una remota isla del puerto de Boston para investigar la desaparición de una peligrosa asesina recluida en el hospital psiquiátrico Ashecliffe, un centro penitenciario para criminales perturbados dirigido por el siniestro doctor John Cawley. Pronto descubrirán que el centro guarda muchos secretos, y que la isla esconde algo más peligroso que los pacientes."
196,Regreso al futuro III,1990-05-25,"Aventura, Comedia, Ciencia ficción",7.491,"Marty McFly sigue en 1955 y su amigo Doc ha retrocedido al año 1885, la época del salvaje oeste. Éste le envía una carta donde comenta que la máquina del tiempo está averiada, y que es imposible repararla. Sin embargo no le preocupa estar atrapado en el pasado, pues allí es muy feliz trabajando de herrero aunque convive con malhechores. Pero Marty descubre una vieja tumba en la que lee que Doc murió en 1885 y, sin pensárselo dos veces, irá a rescatar a su amigo."
9806,Los Increíbles,2004-11-05,"Acción, Aventura, Animación, Familia",7.721,"Como Mr. Increíble y Elastigirl, Bob y su esposa Helen estaban entre los mejores luchadores contra el crimen. Por fin pueden volver a la acción cuando una misteriosa llamada cita a Bob en una isla remota."
644,A.I. Inteligencia Artificial,2001-06-29,"Drama, Ciencia ficción, Aventura",7.054,"En un futuro donde los avances científicos hacen posible la existencia, los humanos confían todos los aspectos de sus vidas a sofisticados robots denominados Mecas. La emoción es la última frontera en la evolución de las máquinas. Pero cuando un avanzado niño robótico llamado David es programado para amar, los humanos no están preparados para las consecuencias."
205596,The Imitation Game (Descifrando Enigma),2014-11-14,"Historia, Drama, Suspense, Bélica",7.987,"Durante el invierno de 1952, las autoridades británicas entraron en el hogar del matemático, analista y héroe de guerra Alan Turing, con la intención de investigar la denuncia de un robo. Al final acabaron arrestando a Turing acusándole de indecencia grave, un cargo que le supondría una devastadora condena por una ofensa criminal: ser homosexual. Los oficiales no tenían ni idea de que en realidad estaban incriminando al pionero de la informática actual. Liderando a un heterogéneo grupo de académicos, lingüistas, campeones de ajedrez y oficiales de inteligencia, se le conoce por haber descifrado el código de la inquebrantable máquina Enigma de los alemanes durante la Segunda Guerra Mundial."
10005,Tras la línea enemiga II: El eje del mal,2006-10-17,"Acción, Aventura, Suspense",4.8,"Un equipo SEAL de la Marina de los Estados Unidos recibe la misión de destruir una base de misiles en Corea del Norte, con el fin de evitar la posibilidad de un ataque nuclear. La misión no puede fallar, pero se aborta bruscamente, dejando a cuatro soldados abandonados a su suerte en territorio enemigo. Para sobrevivir, los soldados deberán vencer a las fuerzas rebeldes que amenazan con acabar con ellos, con sus aliados y con todo el mundo libre..."
353081,Misión: Imposible - Fallout,2018-07-25,"Acción, Aventura",7.448,"En ocasiones, hasta las mejores intenciones pueden volverse en contra. Después de una misión fallida, Ethan Hunt y su equipo IMF, junto con algunos aliados conocidos, se enfrentarán a una nueva carrera contrarreloj."
954,Misión imposible,1996-05-22,"Aventura, Acción, Suspense",7.02,"Ethan Hunt es un superespía capaz de resolver cualquier arriesgada situación con la máxima elegancia. Forma parte de un competente equipo dirigido por el agente Jim Phelps, que ha vuelto a reunir a sus hombres para participar en una dificilísima misión: evitar la venta de un disco robado que contiene información secreta de vital importancia."
1067562,i,2016-02-17,N/A,0.0,
1209290,Liga de la Justicia: Crisis en Tierras Infinitas – Parte 3,2024-07-15,"Animación, Ciencia ficción, Acción",7.19,"Universos paralelos se desmoronan cuando el Antimonitor ataca. La Liga de la Justicia y héroes de otras épocas unen fuerzas para detener la destrucción inminente, dispuestos a sacrificarse por el triunfo."
1426964,Hermandad: Estado de terror,2026-02-10,"Acción, Suspense, Crimen, Drama",5.4,"En medio de una ola de violencia inédita que sacude São Paulo, una abogada ligada al mundo criminal debe pactar con la policía para salvar a su sobrina secuestrada."
77338,Intocable,2011-11-02,"Drama, Comedia",8.3,"Un hombre tetraplégico y millonario contrata como cuidador a domicilio a Driss, un inmigrante de un barrio marginal recién salido de la cárcel. Aunque no parece la persona más indicada, congenian hasta forjar una amistad tan sólida como inesperada."
1724,El increíble Hulk,2008-06-12,"Ciencia ficción, Acción, Aventura",6.233,"El científico Bruce Banner recorre el mundo tratando de encontrar una cura a su problema, en busca de un antídoto que le permita librarse de su Alter Ego. Perseguido por el ejército y por su propia rabia interna, es incapaz de sacar de su cabeza a Betty Ross. Así que se decide a volver a la civilización, donde debe enfrentarse a una criatura creada cuando el agente de la KGB, Emil Blonsky, se expone a una dosis superior de la radiación que convirtió a Bruce en Hulk. Incapaz de volver a su estado humano, Emil hace responsable a Hulk de su aterradora condición, mientras que la ciudad de Nueva York se convierte en el escenario de la última batalla entre las dos criaturas más poderosas que jamás han pisado la Tierra."
260513,Los Increíbles 2,2018-06-14,"Acción, Aventura, Animación, Familia",7.454,"Helen tiene que liderar una campaña para que los superhéroes regresen, mientras Bob vive su vida 'normal' con Violet, Dash y el bebé Jack-Jack —cuyos superpoderes descubriremos—. Su misión se va a pique cuando aparece un nuevo villano con un brillante plan que lo amenaza todo. Pero los Parr no se amedrentarán y menos teniendo a Frozone de su parte."
283546,i,2007-04-22,N/A,0.0,
46738,Incendios,2010-09-17,"Drama, Bélica, Misterio",8.1,"Jeanne y Simon Marwan son dos mellizos cuya madre, que lleva mucho tiempo sin hablar, está a punto de morir. Pero, antes del fatal desenlace, les da dos cartas que deben ser entregadas a un padre al que creían muerto y a un hermano cuya existencia desconocían. Ambos emprenderán un viaje al Líbano para localizarlos y encontrar respuestas a su existencia. Basada en una obra de teatro de Wajdi Mouawad."
575264,Misión: Imposible - Sentencia mortal parte uno,2023-07-08,"Acción, Suspense, Aventura",7.5,Ethan Hunt y la IMF emprenden la misión más peligrosa a la que nunca se han enfrentado: rastrear una nueva y aterradora arma que amenaza a toda la humanidad antes de que caiga en las manos de un enemigo todopoderoso y misterioso.
242,El Padrino Parte III,1990-12-25,"Crimen, Drama, Suspense",7.418,"Michael Corleone, heredero del imperio de don Vito Corleone, intenta rehabilitarse socialmente y legitimar todas las posesiones de la familia negociando con el Vaticano. Después de luchar toda su vida se encuentra cansado y centra todas sus esperanzas en encontrar un sucesor que se haga cargo de los negocios. Vincent, el hijo ilegítimo de su hermano Sonny, parece ser el elegido."
335977,Indiana Jones y el dial del destino,2023-06-25,"Aventura, Acción",6.5,"El arqueólogo Indiana Jones deberá emprender otra aventura contra el tiempo para intentar recuperar un dial legendario que puede cambiar el curso de la historia. Acompañado por su ahijada, Jones pronto se encuentra enfrentándose a Jürgen Voller, un ex nazi que trabaja para la NASA."
2501,The Bourne Identity: El caso Bourne,2002-06-14,"Acción, Drama, Misterio, Suspense",7.472,"Un hombre amnésico es rescatado por la tripulación de un barco pesquero italiano cuando flota a la deriva en el mar. Carece de identidad y de pasado, pero posee unas serie de talentos extraordinarios en artes lingüísticas, marciales y de autodefensa que sugieren una profesión de riesgo. Confuso y desorientado, emprende una frenética búsqueda para descubrir quién es y por qué su vida ha tomado un giro tan peligroso."
56292,Misión imposible: Protocolo fantasma,2011-12-07,"Acción, Suspense, Aventura",7.11,"El agente Ethan Hunt, acusado de un atentado terrorista con bombas contra el Kremlin, es desautorizado junto con toda la organización, al poner en marcha el presidente el llamado 'Protocolo fantasma'. Abandonado a su suerte y sin recursos, el objetivo de Ethan es rehabilitar el buen nombre de su agencia e impedir un nuevo ataque. Pero emprende esta misión con un equipo formado por fugitivos, cuyos motivos personales no conoce bien."
348893,Boyka: Invicto IV,2016-08-01,"Acción, Drama, Suspense, Crimen",7.177,"Boyka es un luchador de boxeo que se encuentra en mitad de una importante liga. Durante la competición se produce una muerte lo que hace que empiece a replantearse verdaderamente lo que merece la pena este deporte. Cuando descubre que la mujer del fallecido se encuentra en serios problemas, decide luchar una serie de batallas para poder liberarla de la servidumbre."
398978,El irlandés,2019-11-01,"Crimen, Drama, Historia",7.6,"Pennsylvania, 1956. Frank Sheeran, un veterano de guerra de origen irlandés que trabaja como camionero, conoce accidentalmente al mafioso Russell Bufalino. Una vez convertido en su hombre de confianza, Bufalino envía a Frank a Chicago con el encargo de ayudar a Jimmy Hoffa, un poderoso líder sindical relacionado con el crimen organizado, con quien Frank mantendrá una estrecha amistad durante casi veinte años."
293167,Kong: La isla calavera,2017-03-08,"Acción, Aventura, Fantasía",6.552,"En los años 70, un variopinto grupo de exploradores y soldados es reclutado para viajar a una misteriosa isla del Pacífico. Entre ellos están el capitán James Conrad, el teniente coronel Packard y una foto-periodista. Pero al adentrarse en esta bella pero traicionera isla, los exploradores encontrarán algo absolutamente sorprendente. Sin saberlo, estarán invadiendo los dominios del mítico Kong, el gigante gorila rey de esta isla. Será Marlow, un peculiar habitante del lugar, quien les enseñe los secretos de Isla Calavera, además del resto de seres monstruosos que la habitan."
2832,Identidad,2003-04-25,"Misterio, Suspense",7.174,"Diez extraños se ven atrapados por una terrible tormenta: un conductor de limusinas, una estrella de televisión de los años 80, un policía que escolta a un asesino, una prostituta, una pareja de recién casados y una familia en crisis; todos se cobijan en un lúgubre motel. Pero el alivio de haber encontrado refugio pronto se ve sustituido por el miedo cuando los diez viajeros empiezan a morir un por uno. Si quieren sobrevivir, tendrán que descubrir el secreto que les ha reunido en ese lugar."
979,Irreversible,2002-05-22,"Drama, Suspense, Crimen",7.178,Irreversible. Porque el tiempo lo destruye todo. Porque algunos actos son irreparables. Porque el hombre es un animal. Porque el deseo de venganza es un impulso natural. Porque la mayoría de los crímenes quedan sin castigo. Porque la pérdida del amado destruye como un rayo. Porque el amor es el origen de la vida. Porque toda la historia se escribe con esperma y sangre. Porque las premoniciones no modifican el curso de los acontecimientos. Porque el tiempo lo revela todo: lo mejor y lo peor.
111224,Ghost in the Shell: Stand Alone Complex 2nd GiG - Individual Eleven,2006-01-27,"Animación, Ciencia ficción",7.5,"Película recopilatoria lanzada directamente a DVD, que recupera toda la subtrama ""Individual Eleven"" de la segunda temporada de la serie Ghost in the Shell: Stand Alone Complex, ""Ghost in the Shell: SAC 2nd Gig""."
165,Regreso al futuro II,1989-11-22,"Aventura, Comedia, Ciencia ficción",7.777,"Aunque a Marty McFly todavía le falta tiempo para asimilar el hecho de estar viviendo dentro de la familia perfecta gracias a su anterior viaje en el tiempo, no le queda ni espacio para respirar cuando su amigo Doc aparece de improviso con la máquina del tiempo (mucho más modernizada), e insta a que le acompañen él y su novia a viajar al futuro para solucionar un problema con la ley que tendrá uno de sus futuros hijos. En la tremenda vorágine futurista, con todo lo que ello conlleva, del Hill Valley de 2015, la presencia de tales viajeros temporales causará un efecto mayor que el que iban a arreglar. Un almanaque deportivo y la posesión del secreto de la existencia de la máquina del tiempo por parte del siempre villano Biff Tannen, serán los ingredientes que conjugarán una causa-efecto en el pasado, en el presente y en el propio futuro, que hará que Marty y Doc se tengan que emplear a fondo para poner fin a la catástrofe a la que les lleva el destino."
480530,Creed II: La leyenda de Rocky,2018-11-21,"Drama, Acción",7.03,"Adonis Creed se debate entre las obligaciones personales y el entrenamiento para su próxima gran pelea, con el desafío de su vida por delante. Enfrentarse a un oponente que tiene vínculos con el pasado de su familia solo intensifica su inminente batalla en el ring. Afortunadamente Rocky Balboa está a su lado a lo largo de todo el camino, y juntos se cuestionarán por lo que vale la pena luchar y descubrirán que nada es más importante que la familia..."
49018,Insidious,2011-03-31,"Terror, Suspense",6.942,"Una familia descubre que espíritus oscuros han invadido su hogar después de que su hijo inexplicablemente cae en un sueño interminable. Cuando piden ayuda a un profesional, descubren que las cosas son mucho más personales de lo que pensaban."
49530,In Time,2011-10-27,"Acción, Suspense, Ciencia ficción",6.969,"Ambientada en una sociedad futura. El hallazgo de una fórmula contra el envejecimiento trae consigo no solo superpoblación, sino también la transformación del tiempo en moneda de cambio, que permite sufragar tanto lujos como necesidades. Los ricos pueden vivir para siempre, pero los demás tendrán que negociar cada minuto de vida, y los pobres mueren jóvenes. Después de conseguir, por casualidad, una inmensa cantidad de tiempo, Will Salas, un joven obrero, será perseguido por unos policías corruptos conocidos como ""los guardianes del tiempo"". En su huida, Will tomará como rehén a una joven de familia adinerada."
474350,It: Capítulo 2,2019-09-04,"Terror, Suspense, Drama",6.84,"Han pasado casi 30 años desde que el ""Club de los Perdedores"", formado por Bill, Beverly, Richie, Ben, Eddie, Mike y Stanley, se enfrentaran al macabro y despiadado Pennywise (Bill Skarsgård). En cuanto tuvieron oportunidad, abandonaron el pueblo de Derry, en el estado de Maine, que tantos problemas les había ocasionado. Sin embargo, ahora, siendo adultos, parece que no pueden escapar de su pasado. Todos deberán enfrentarse de nuevo al temible payaso para descubrir si de verdad están preparados para superar sus traumas de la infancia."
8355,Ice Age 3: El origen de los dinosaurios,2009-06-26,"Animación, Comedia, Familia, Aventura",6.763,"Tercera parte de las aventuras de Diego, Scrat y compañía. En esta ocasión, les tocará lidiar con varios dinosaurios. Scrat sigue intentando apoderarse de la muy escurridiza bellota; Manny y Ellie esperan el nacimiento de su mini-mamut; Sid, el perezoso, se mete en un buen lío al formar de repente una familia propia tras encontrarse unos huevos de dinosaurio."
49524,R.I.P.D. Departamento de policía mortal,2013-07-18,"Fantasía, Acción, Comedia",5.853,"Aunque Nick es un policía que acaba de morir asesinado, es reclutado para trabajar con Roy, un agente que murió hace cientos de años. Ambos forman parte del “Rest In Peace Department”, que se encarga de perseguir a los demonios que habitan en el mundo de los vivos y de mandarlos al infierno. A Nick le cuesta hacerse a la idea de su condición de muerto, y no acepta estar alejado de su esposa, a la que envía reiteradas señales para que perciba su presencia. Al menos, gracias a su empleo post mortem, el joven agente podrá trabajar en el caso de su propio asesinato."
91618,La isla sin retorno,1973-06-22,"Acción, Drama, Suspense, Crimen",5.2,"Hombres y mujeres condenados de por vida por asesinato son abandonados a su suerte por el gobierno en una isla de donde es imposible salir. La terrible lucha por el poder, dentro de este getto produce las aberrantes situaciones."
796,Crueles intenciones,1999-03-05,"Drama, Romance",6.797,"Kathryn y Sebastian son dos hermanastros que viven Manhattan, estudiantes de bachillerato en un elitista instituto de Nueva York. Cada uno es más manipulador y más perverso que el otro, así que harán una singular apuesta. Sebastian debe cortejar a una chica virgen que ha encandilado al novio de Kathryn. Si Sebastian pierde, Kathryn se quedará con su Jaguar, pero si gana... la tendrá a ella."
18874,Ghost In The Shell. Stand alone complex. Solid State Society,2007-09-01,"Animación, Acción, Suspense, Crimen, Ciencia ficción",7.5,"Es el año 2034, han pasado dos años desde que Motoko Kusanagi dejó la Sección 9. Ahora, Togusa, como nuevo líder del equipo, ha considerado necesario el incremento de personal. Esta ampliada nueva Sección 9 se enfrentará a una serie de complicados incidentes, detrás de los cuales se encuentra un ultra-hacker conocido con el nombre de El Marionetista. Durante la investigación que lleva a cabo Batou, este se cruzará de nuevo con Motoko, que dejará un mensaje: ""Manteneos alejados de la Solid State Society"". Película especial que cierra el argumento de la serie “Stand Alone Complex”, estando considerada en algunos sitios como la tercera temporada no oficial."
177677,Misión imposible: Nación secreta,2015-07-28,"Acción, Aventura",7.221,"Con la FMI disuelta y Ethan Hunt abandonado a su suerte, el equipo tiene que enfrentarse contra el Sindicato, una red de agentes especiales altamente preparados y entrenados. Estos grupos están empeñados en crear un nuevo orden mundial mediante una serie de ataques terroristas cada vez más graves. Ethan reúne a su equipo y une sus fuerzas con la agente británica renegada Ilsa Faust, quien puede que sea o no miembro de esta nación secreta, mientras el grupo se va enfrentando a su misión más imposible hasta la fecha…"
843527,La idea de tenerte,2024-05-02,"Romance, Drama, Comedia",7.313,"Solène, madre soltera de 40 años, comienza un romance inesperado con Hayes Campbell, de 24 años, el cantante principal de August Moon, la banda de chicos más popular del planeta."
11411,Superman IV: En busca de la paz,1987-07-24,"Acción, Aventura, Ciencia ficción",4.593,"Poco despues de que la cumbre USA-URSS para el desarme nuclear fracase, el mundo se ve al borde de la III guerra mundial. Superman recibe la carta del niño Jeremy, quien le pide que salve el mundo de la inminente guerra atómica. Desafiando al espíritu de los sabios de Krypton, el Hombre de Acero anuncia a la ONU que destruirá todas las armas nucleares, tanto del Este como del Oeste. Sin embargo, esto es aprovechado por el genio criminal Lex Luthor, recién fugado de prisión, quien se alía con los militaristas americanos y soviéticos para crear a Nuclear Man, un supermonstruo que aniquilará al Ultimo Hijo de Krypton."
402,Instinto básico,1992-03-20,"Suspense, Misterio",6.934,"Un antiguo cantante de rock ha sido brutalmente asesinado. La última vez que se le vio estaba acompañado por su novia. En la comisaría, en el departamento de Asuntos Internos, Nick Curran recibe el encargo de vigilar a Catherine Tromell, la supuesta novia asesina."
